@id,addr:city,addr:street
32338215,Roma,Via di Torre Rossa
32631124,Roma,Via degli Uffici del Vicario
227740866,Roma,Viale delle Milizie
228273254,Roma,Via Andrea Mantegna
248676601,Roma,Piazza Sidney Sonnino
250889369,Roma,Via delle Quattro Fontane
255448435,Roma,Via Nazionale
256572195,Roma,Piazza Manfredo Fanti
256592934,Roma,Via Principe Eugenio
257351831,Roma,Piazza di San Calisto
257355946,Roma,Largo dei Librari
259122899,Roma,Via Ostiense
259868275,Roma,Via Giustiniano Imperatore
260540041,Roma,Via Chiabrera
261859088,Roma,Piazza di Sant'Eustachio
261872699,Roma,Via Vittorio Emanuele Orlando
264673865,Roma,Via Panisperna
265745059,Roma,Via del Pigneto
265767604,Roma,Via Luigi Pierantoni
301351789,Roma,Piazza del Fico
303873370,Roma,Via Teodoro Mommsen
317495372,Roma,Via di Colle Pizzuto
329152133,Roma,Via del Fosso del Cavaliere
330885344,Roma,Via L'Aquila
332042746,Roma,Via Nomentana  Vecchia
332960184,Roma,Via degli Equi
353913153,Roma,Via delle Sette Chiese
356696450,Roma,Via dei Reti
361143825,Roma,Via di Tor Cervara
361287538,Roma,Via Marco Tabarrini
361287540,Roma,Via Marco Tabarrini
361287542,Roma,Via Marco Tabarrini
361287544,Roma,Via Marco Tabarrini
361287546,Roma,Via Marco Tabarrini
361287548,Roma,Via Marco Tabarrini
361287550,Roma,Via Marco Tabarrini
361287552,Roma,Via Marco Tabarrini
361287554,Roma,Via Michele Amari
379726245,Roma,Via Casal Tidei
379831247,Roma,Via Pollenza
385024557,Roma,Via Egerio Levio
394954887,Roma,Via Firenze
406806301,Roma,Via Ostiense
414291043,Roma,Via del Pigneto
415068115,Roma,Circonvallazione Appia
419132597,Roma,Via Ostiense
420457426,Roma,Largo dei Savorgnan
420958611,Roma,Via Ascoli Piceno
421991613,Roma,Via Trionfale
422042472,Roma,Via Carlo Passaglia
422099572,Roma,Circonvallazione Trionfale
430820467,Roma,Viale Angelico
431342203,Roma,Via Trionfale
443404811,Roma,Via Giovan Battista Manzella
443724058,Roma,Via Pollenza
443882759,Roma,Via Casal Tidei
444598349,Roma,Via Montecassiano
448755166,Roma,Via Casal Tidei
448931391,Roma,Via Flaminia
449252276,Roma,Via Bernardino Bernardini
465644161,Roma,Viale di Porta Ardeatina
469528898,Roma,Via Marco Tabarrini
478046939,Roma,Via Padre Lino da Parma
500129236,Roma,Piazza della Madonna dei Monti
500139108,Roma,Via Francesco Passino
500173838,Roma,Piazzale Roberto Ardigò
511135612,Roma,Via Barletta
513676455,Roma,Via Principe Eugenio
521790382,Roma,Via Tito
530719587,Roma,Quattro Fontane
550195441,Roma,Viale delle Terme di Caracalla
550325597,Roma,Via del Governo Vecchio
552420764,Roma,Via Laurentina
552579747,Roma,Via Perugia
552582460,Roma,Via Alfredo Baccarini
552582461,Roma,Via Benedetto Varchi
560169212,Roma,Via San Tommaso d'Aquino
560195521,Roma,Viale Pasteur
560195523,Roma,Viale Pasteur
560195528,Roma,Viale del Astronomia
560195596,Roma,Viale del Astronomia
560407447,Roma,Via Marco Tabarrini
560418226,Roma,Piazza Pakistan
563239568,Roma,Via delle Sette Chiese
563239576,Roma,Via Cristoforo Colombo
563255740,Roma,Via Urbisaglia
563255766,Roma,Via Concordia
564286703,Roma,Via Gabrio Serbelloni
565144607,Roma,Via Appia Antica
565144615,Roma,Via della Caffarella
566486505,Roma,Via Concordia
566501749,Roma,Via Magna Grecia
566512937,Roma,Via Ostiense
566512945,Roma,Via Caboto
566512947,Roma,Via Ostiense
566517017,Roma,Via del Pigneto
566522713,Roma,Viale della Piramide Cestia
566522718,Roma,Viale della Piramide Cestia
566522723,Roma,Viale della Piramide Cestia
566522745,Roma,Viale della Piramide Cestia
566522760,Roma,Viale della Piramide Cestia
566522778,Roma,Piazza Albania
566522784,Roma,Piazza Albania
566522789,Roma,Piazza Albania
566522795,Roma,Piazza Albania
570801692,Roma,Via di Grotta Perfetta
570801701,Roma,Via di Grotta Perfetta
571432770,Roma,Via Enrico Cravero
573263157,Roma,Via Crisostomo Salistri
574325225,Roma,Via del Pigneto
574326910,Roma,Via Urbana
575189823,Roma,Via della Pineta Sacchetti
582928897,Roma,Via Guglielmo Massaia
587670915,Roma,Via San Tommaso d'Aquino
587670917,Roma,Via San Tommaso d'Aquino
605583610,Roma,Via Vittorio Cuniberti
606079759,Roma,Via di San Francesco a Ripa
606079762,Roma,Via del Giorgione
608401518,Rome,Via dei Maroniti
610236330,Roma,Via della Serpentara
610282123,Roma,Via Carlo Livi
610302269,Roma,Via Golametto
612601678,Roma,Via Candia
616882986,Roma,Via Alberto Cadlolo
624694305,Roma,Viale delle Medaglie d'Oro
624694307,Roma,Viale delle Medaglie d'Oro
624694309,Roma,Viale delle Medaglie d'Oro
624694310,Roma,Viale delle Medaglie d'Oro
624694311,Roma,Viale delle Medaglie d'Oro
624694312,Roma,Viale delle Medaglie d'Oro
624694314,Roma,Viale delle Medaglie d'Oro
624694315,Roma,Via San Tommaso d'Aquino
624694317,Roma,Via San Tommaso d'Aquino
624694318,Roma,Via San Tommaso d'Aquino
624694319,Roma,Via San Tommaso d'Aquino
624694320,Roma,Via San Tommaso d'Aquino
624694322,Roma,Via San Tommaso d'Aquino
624694323,Roma,Via San Tommaso d'Aquino
624694324,Roma,Via San Tommaso d'Aquino
624694325,Roma,Via San Tommaso d'Aquino
659892422,Roma,Via delle Sette Chiese
659892423,Roma,Via Britannia
660179367,Santa Palomba,Via Laurentina
663030469,Roma,Via Varese
665448449,Roma,Via Baccina
668953563,Roma,Via del Leoncino
668953748,Roma,Via del Leoncino
668954237,Roma,Via di Campo Marzio
687703644,Roma,Via Sebastiano Ziani
688353691,Roma,Largo Arenula
713445957,Roma,Viale di Tor Marancia
728747475,Roma,Piazza Pio XI
735757599,Roma,Piazza della Repubblica
737669606,Roma,Via della Giuliana
738989379,Roma,Via Lorenzo da Pietrasanta
745968416,Roma,Viale Giulio Cesare
745968429,Roma,Via Barletta
745968430,Roma,Viale Giulio Cesare
745990102,Roma,Via San Tommaso d'Aquino
754688671,Roma,Circonvallazione Trionfale
754694592,Roma,Piazza Santa Maria delle Grazie
755885844,Roma,Via Macerata
760503325,Roma,Via Prenestina
767261929,Roma,Via Raffaele Rossetti
806743796,Roma,Via Ettore Giovenale
832777688,Roma,Piazza della Repubblica
836239330,Roma,Via Galvani
849030354,Roma,Via Bixio
894085645,Roma,Via Latina
899270724,Roma,Via Tuscolana
902522337,Ariccia,Via delle Cerquette
902523247,Ariccia,Via delle Cerquette
904065994,Roma,Via Giuseppe Messina
904074517,Roma,Viale Rolando Vignali
907077862,Grottaferrata,Della Pedica
907726813,Roma,Via Giovanni da Castel Bolognese
908361338,Roma,Via Padre Semeria
914375326,Rome,Via di Porta Pinciana
922740384,Roma,Viale Carlo Felice
924590499,Roma,Viale Oxford
929052067,Roma,Viale Marco Fulvio Nobiliore
931731706,Roma,Vicolo della Batteria Nomentana
932316297,Roma,Via Giustiniani
932316308,Roma,Via del Governo Vecchio
932316319,Roma,Via Margutta
932316331,Roma,Via del Governo Vecchio
932316345,Roma,Via Margutta
932338038,Roma,Via della Panetteria
935387198,Roma,Via di Parione
935387227,Roma,Campo de Fiori
936858731,Roma,Piazza della Colonnetta
952406016,Roma,Via degli Apuli
954687200,Roma,Via delle Sette Chiese
957695756,Roma,Via Casal Tidei
960595530,Roma,Via della Tecnica
960595544,Roma,Via della Tecnica
960884520,Roma,Viale Giorgio Ribotta
961502818,Roma,Viale dell'Oceano Pacifico
961818637,Roma,Via della Vite
963153210,Roma,Via Andrea Solari
971960410,Roma,Via Giuseppe Libetta
971968063,Roma,Via Tiburtina
973100763,Roma,Viale dell'Oceano Pacifico
974908893,Roma,Piazza dell'Unità
977671336,Roma,Via della Tecnica
979938603,Roma,Via Giorgio Pitacco
980480340,Roma,Via Urbana
980480350,Roma,Via Urbana
983620965,Roma,Via Casal Tidei
983620980,Roma,Via Fossombrone
983620983,Roma,Via Casal Tidei
1005384206,Roma,Via Alberico II
1009224320,Roma,Viale delle Medaglie d'Oro
1023823864,Roma,Corso d'Italia
1024173489,Roma,Via Gualtiero Serafino
1027525816,Roma,Via Alfredo Catalani
1036587260,Roma,Circonvallazione Trionfale
1046022651,Roma,Via Monte Zebio
1046891096,Roma,Viale Regina Margherita
1049575427,Roma,Via Luigi Rizzo
1062331416,Roma,Viale delle Medaglie d'Oro
1068777034,Roma,Via Aurelia
1071286772,Roma,Largo Carlo Goldoni
1083002650,Roma,Via della Pineta Sacchetti
1088097408,Ciampino,Via Lucrezia Romana
1094990546,Roma,Piazza dei Decemviri
1104719287,Roma,Via Tito
1104719301,Roma,Via Costantino
1107543704,Roma,Via Principe Amedeo
1110657686,Roma,Via Luigi A. Vassallo
1118787065,Roma,Via Leonida Bissolati
1129508664,Roma,Piazza Manfredo Fanti
1129508689,Roma,Piazza Manfredo Fanti
1132410673,Roma,Via Principe Amedeo
1133973247,Roma,Vicolo di Montevecchio
1133982857,Roma,Vicolo del Mattonato
1140135305,Roma,Piazza Vittorio Emanuele II
1140161968,Roma,Viale delle Medaglie d'Oro
1140161971,Roma,Viale delle Medaglie d'Oro
1140205299,Roma,Via Otranto
1141104521,Roma,Corso Vittorio Emanuele II
1142943804,Roma,Via dei Filippini
1147386907,Roma,Via De' Santi Quattro
1148038950,Roma,Piazzale Clodio
1151545359,Roma,Via Ostiense
1157577755,Roma,Via Euclide Turba
1159449587,Roma,Via Merulana
1166425489,Roma,Piazza di San Marco
1166822558,Roma,Via dello Statuto
1166984396,Roma,Via dello Statuto
1168371378,Roma,Via Giovanni Nicotera
1168378660,Roma,Piazza del Gesù
1168385418,Roma,Via dei Bergamaschi
1168409260,Roma,Via del Castro Laurenziano
1168423168,Roma,Via Icilio
1168440399,Roma,Via Nazionale
1168457354,Roma,Via degli Uffici del Vicario
1168460504,Roma,Piazza Mincio
1168464186,Roma,Via Monzambano
1168467550,Roma,Piazza di Montecitorio
1168485320,Roma,Via Giovanni Miani
1168492734,Roma,Piazza Pio XI
1168500653,Roma,Via Marco Minghetti
1168504360,Roma,Via degli Zingari
1168516507,Roma,Via Giacomo Carissimi
1168522344,Roma,Largo Chigi
1168527246,Roma,Via della Camilluccia
1168542305,Roma,Via Angelo Bargoni
1168549498,Roma,Piazza di San Salvatore in Lauro
1168562104,Roma,Via Lombardia
1168572713,Roma,Via del Caucaso
1168610637,Roma,Via Giuseppe Gioacchino Belli
1168613507,Roma,Piazza Albania
1168618065,Roma,Piazza del Parlamento
1168625443,Roma,Piazza del Gesù
1168634867,Roma,Via Ruffini
1170589380,Roma,Piazzale Flaminio
1170589386,Roma,Via Flaminia
1170610878,Roma,Viale Giulio Cesare
1183382191,Sacrofano,Via dello Stadio
1184437431,Roma,Via Baronale
1184438149,Roma,Via dell'Isola Farnese
1189249898,Roma,Via Del Casale Di San Basilio
1189832274,Roma,Via di Porta Angelica
1191140973,Roma,Via Prato della corte
1211457323,Roma,Via dei Mille
1211999925,Roma,Via Iglesias
1211999937,Roma,Via Iglesias
1211999941,Roma,Via Iglesias
1211999956,Roma,Via Iglesias
1211999958,Roma,Via Iglesias
1211999968,Roma,Via Iglesias
1211999981,Roma,Via Iglesias
1212697220,Roma,Via Marsala
1212706398,Roma,Via Caltagirone
1213332726,Roma,Via Principe Amedeo
1213332809,Roma,Piazza Manfredo Fanti
1213333003,Roma,Piazza Manfredo Fanti
1217598917,Roma,Piazza Manfredo Fanti
1217598937,Roma,Piazza Manfredo Fanti
1217598939,Roma,Piazza Manfredo Fanti
1217598945,Roma,Piazza Manfredo Fanti
1217598952,Roma,Piazza Manfredo Fanti
1217598962,Roma,Piazza Manfredo Fanti
1217598972,Roma,Piazza Manfredo Fanti
1217598976,Roma,Piazza Manfredo Fanti
1217598980,Roma,Piazza Manfredo Fanti
1217598981,Roma,Piazza Manfredo Fanti
1217598991,Roma,Piazza Manfredo Fanti
1217598992,Roma,Piazza Manfredo Fanti
1217599003,Roma,Piazza Manfredo Fanti
1217629770,Roma,Piazza Risorgimento
1217656083,Roma,Via Giulio Venticinque
1217660865,Roma,Via Giulio Venticinque
1217660867,Roma,Via Giulio Venticinque
1217672624,Roma,Via S.Tommaso d'Aquino
1219463445,Roma,Via Emanuele Filiberto
1223989683,Roma,Via del Teatro Valle
1224062465,Roma,Via Merulana
1224062686,Roma,Via Merulana
1232948088,Roma,Piazza Risorgimento
1232967050,Roma,Via della Lungaretta
1237574509,Roma,Corso Vittorio Emanuele II
1237574511,Roma,Corso Vittorio Emanuele II
1240868977,Roma,Via Fabio Massimo
1243321894,Roma,Margutta Street
1245503727,Roma,Circonvallazione Trionfale
1251064505,Cocciano,Via Alcide de Gasperi
1251280570,Roma,Via Luigi Ronzoni
1253159209,Roma,Vicolo Sciarra
1253934183,Roma,Via Po
1253979817,Roma,Via Galvani
1263416368,Roma,Via Riserva Campetti
1264773129,Roma,Via Carlo Cattaneo
1264775616,Roma,Via del Viminale
1270469071,Roma,Via Baronale
1270469079,Roma,Via Baronale
1270469097,Roma,Piazza della Colonnetta
1270482493,Roma,Via Baronale
1270482529,Roma,Via dell'Isola Farnese
1270482559,Roma,Via Baronale
1270482565,Roma,Via Baronale
1270482596,Roma,Piazza della Colonnetta
1270671785,Roma,Via Giolitti
1271125319,Roma,Via Candia
1272999941,Roma,Via Simone De Saint Bon
1273020723,Roma,Via Giulio Venticinque
1273032208,Roma,Via Tiburtina
1282107889,Roma,Via Ostiense
1286818514,Roma,Via Carlo Passaglia
1286827158,Roma,Via Corsica
1289453076,Roma,Via Ruggero Fauro
1289460156,Roma,Via Umberto Boccioni
1291665256,Roma,Via Pacuvio
1291665262,Roma,Via Pacuvio
1293352165,Roma,Via Leone IV
1297541997,Roma,Via Marsala
1302759918,Roma,Via Vespasiano
1302771480,Roma,Via Ostia
1307870935,Roma,Viale Tito Livio
1313285448,Roma,Via Val d'Aosta
1313285482,Roma,Via Damiano Chiesa
1315999043,Roma,Via Nazionale
1316165732,Roma,Via Ostiense
1316165734,Roma,Via Ostiense
1316172241,Bracciano,Viale Odescalchi
1317640449,Roma,Via Bernardino Telesio
1317838399,Roma,Via Nazionale
1324437899,Roma,Piazza Barberini
1324874753,Roma,Via Plauto
1330623842,Roma,Via delle Sette Chiese
1330626844,Roma,Piazza Oderico da Pordenone
1334091777,Roma,Via degli Scipioni
1342257217,Roma,Piazzale di Villa Giulia
1343266549,Roma,Via Attilio Regolo
1344347975,Roma,Via Cipro
1344349054,Roma,Viale Giulio Cesare
1349038368,Roma,Piazza di Sant'Apollonia
1350404396,Roma,Via Marziale
1353915169,Roma,Parco Yitzhak Rabin
1365541340,Roma,Via Leonardo Bufalini
1369893163,Roma,Via Carlo Cattaneo
1373652105,Roma,Via Giambattista Soria
1386060456,Roma,Via Romeo Rodriguez Pereira
1387934444,Roma,Via di Donna Olimpia
1387936366,Roma,Via San Vito
1389062173,Roma,Via Alessandro Severo
1391511097,Roma,Piazza Venezia
1393820537,Roma,Circonvallazione Trionfale
1393834479,Roma,Via Tiburtina
1395115169,Roma,Vicolo di San Francesco a Ripa
1397132025,Roma,Via Candia
1398590272,Roma,Via dei Filippini
1398590273,Roma,Via dei Filippini
1401084243,Roma,Via Rattazzi
1402628900,Roma,Via dei Bragozzi
1409366993,Bracciano,Via Traversini
1412581948,Bracciano,Lungolago G.Argenti
1415245871,Roma,Lungomare Paolo Toscanelli
1415248489,Roma,Via Golametto
1417376738,Roma,Via dei Gigli d'Oro
1419433076,Roma,Viale delle Medaglie d'Oro
1419899894,Roma,Via Leone IV
1421865252,Roma,Via delle Coppelle
1428113488,Roma,Via Marziale
1429602288,Roma,Via Elio Donato
1431023958,Roma,Via Galvani
1434554818,Roma,Via dei Bevilacqua
1437002284,Roma,Piazza di Santa Rufina
1437383656,Roma,Via di Torrevecchia
1437436108,Roma,Via dell'Isola Farnese
1437436114,Roma,Via dell'Isola Farnese
1439360820,Roma,Via Rialto
1444535181,Roma,Via Appia Antica
1444572467,Roma,Via Appia Antica
1447439094,Roma,Via Alfredo Serranti
1448352572,Roma,Via Guglielmo Massaia
1448352578,Roma,Piazza Oderico da Pordenone
1450747415,Roma,Via Fregene
1455284486,Roma,Piazza della Balduina
1472096553,Roma,Via Fulcieri Paulucci de' Calboli
1474320217,Roma,Via degli Scipioni
1477882784,Roma,Piazza Sant'Eurosia
1486087178,Roma,Piazzale dei Partigiani
1489037518,Roma,Via Tuscolana
1489745776,Roma,Via delle Sette Chiese
1491216480,Roma,Via delle Sette Chiese
1492560416,Roma,Via Giustiniano Imperatore
1492560417,Roma,Via Galba
1492560418,Roma,Via Giustiniano Imperatore
1492560419,Roma,Via Gabriello Chiabrera
1497445057,Roma,Via delle Sette Chiese
1498956973,Roma,Via delle Sette Chiese
1498956975,Roma,Via della Villa di Lucina
1499021139,Roma,Viale Leonardo da Vinci
1501943875,Roma,Via Borghesiano Lucchese
1503762595,Roma,Via del Pellegrino
1504576790,Roma,Circonvallazione Ostiense
1504623366,Roma,Via San Giovanni in Laterano
1505433939,Roma,Via Giuseppe Libetta
1506580109,Roma,Via Luigi Fincati
1506586474,Roma,Via Giovanni Battista Licata
1506586480,Roma,Via Giovanni Battista Licata
1507235520,Roma,Viale Francesco Caltagirone
1507305881,Roma,Viale Francesco Caltagirone
1507310917,Roma,Viale Francesco Caltagirone
1507318181,Roma,Viale Francesco Caltagirone
1507324822,Roma,Viale Francesco Caltagirone
1507326148,Roma,Viale Francesco Caltagirone
1514575124,Frascati,Piazza del Gesù
1515913911,Roma,Piazza di Santa Caterina della Rota
1516670007,Roma,Piazza Federico Marcello Lante
1516789840,Roma,Via Filippo Zaniberti
1519576694,Roma,Via Salvatore di Giacomo
1519700845,Roma,Via Giovanni Genocchi
1519700850,Roma,Via Rosa Raimondi Garibaldi
1526100975,Roma,Piazzale Prenestino
1529033794,Fiumicino,Via Fiumara
1529389514,Roma,Viale Leonardo da Vinci
1529391651,Roma,Vicolo della Garbatella
1538003830,Roma,Via della Meloria
1539560132,Roma,Viale Giulio Cesare
1541346172,Roma,Via Leonina
1542228020,Roma,Largo Arenula
1542593183,Roma,Via Urbana
1542593185,Roma,Via Urbana
1542636118,Roma,Viale Guglielmo Marconi
1544650371,Roma,Via Pinerolo
1544656929,Roma,Piazza S.Egidio
1546283182,Roma,Via Tuscolana
1547594997,Roma,Via dello Statuto
1547595018,Roma,Via dello Statuto
1552809998,Roma,Via Tiburtina
1553116334,Roma,Via della Reginella
1553144605,Roma,Via degli Ausoni
1553541020,Roma,Via Giovanni Giolitti
1557367348,Roma,Circonvallazione Gianicolense
1559426327,Roma,Via Appiano
1559426329,Roma,Via Appiano
1559907422,Roma,Via Vittorio Emanuele Orlando
1559907423,Roma,Via Vittorio Emanuele Orlando
1559978327,Roma,Via Corinto
1559994322,Roma,Via Gallarate
1561383930,Roma,Via Giustiniano Imperatore
1561730345,Roma,Via Giovanni Giolitti
1561742830,Roma,Viale Giulio Cesare
1561742833,Roma,Viale Giulio Cesare
1562887740,Tivoli,Viale Tomei
1564055685,Roma,Via del Moro
1564055705,Roma,Via del Moro
1565654972,Roma,Via Candia
1567627021,Roma,Via dei Sabelli
1572612643,Roma,Via Duccio Galimberti
1572689610,Roma,Circonvallazione Gianicolense
1572692726,Roma,Via Francesco Massi
1572718679,Bracciano,Via dei Tigli
1578720107,Roma,Via Luisa di Savoia
1581013581,Roma,Viale dei Colli Portuensi
1584897507,Roma,Via Guido Gonella
1585877139,Roma,Via Candia
1585905322,Roma,Via San Tommaso d'Aquino
1587102014,Roma,Via Adriano Balbi
1587117753,Roma,Via Padre Semeria
1587117754,Roma,Via Padre Semeria
1587117755,Roma,Via Cristoforo Colombo
1591059924,Roma,Via Daniele Manin
1591176040,Roma,Via Adolfo Ravà
1591176044,Roma,Via Adolfo Ravà
1600983034,Roma,Via del Mandrione
1600983246,Roma,Via del Mandrione
1602352449,Roma,Via Nizza
1603294753,Albano Laziale,Via Virgilio
1604801957,Albano Laziale,Viale Volontari del Sangue
1620713011,Roma,Via Prenestina
1624305519,Roma,Via Paola Falconieri
1628877687,Roma,Piazzale Flaminio
1628892296,Roma,Via Alberto da Giussano
1628902105,Roma,Via Otranto
1633251656,Roma,Via Pollenza
1633252620,Roma,Via Pollenza
1633252621,Roma,Via Pollenza
1634712824,Roma,Via Del Casale Di San Basilio
1634712825,Roma,Via Pollenza
1634712826,Roma,Via Casal Tidei
1634712829,Roma,Via Pollenza
1634712830,Roma,Via Pollenza
1634712831,Roma,Via Pollenza
1634712840,Roma,Via Pollenza
1634712843,Roma,Via Pollenza
1634712849,Roma,Via Pollenza
1634712856,Roma,Via Pollenza
1634712859,Roma,Via Pollenza
1635702538,Roma,Via Del Casale Di San Basilio
1635702550,Roma,Via Padre Lino da Parma
1636803195,Roma,Via del Santuario Regina degli Apostoli
1637505502,Roma,Piazza Giovanni da Triora
1638987508,Roma,Via Antonio Tempesta
1639650890,Roma,Via Casal Tidei
1639650898,Roma,Via Casal Tidei
1639650910,Roma,Via Casal Tidei
1639650914,Roma,Via Casal Tidei
1639650925,Roma,Via Pollenza
1639650934,Roma,Via Pollenza
1639650939,Roma,Via Pollenza
1639650949,Roma,Via Pollenza
1641666406,Roma,Corso Trieste
1641723118,Roma,Via Volturno
1643042568,Roma,Via Rapagnano
1643480212,Roma,Via Francesco Caracciolo
1645049762,Roma,Via Angelo Orsucci
1645049763,Roma,Via Angelo Orsucci
1645049767,Roma,Via Antonio Rubino
1645049777,Roma,Via delle Sette Chiese
1645049778,Roma,Via Giustino de Jacobis
1645055134,Roma,Piazza Ricoldo da Montecroce
1645055135,Roma,Piazza Ricoldo da Montecroce
1645055136,Roma,Via Giovanni de Marignolli
1645056740,Roma,Via Roberto de Nobili
1645056741,Roma,Via Roberto de Nobili
1645056742,Roma,Via Guglielmo Massaia
1645056743,Roma,Via Guglielmo Massaia
1645056744,Roma,Piazza Ricoldo da Montecroce
1645060331,Roma,Via Guglielmo Massaia
1645060332,Roma,Piazza Geremia Bonomelli
1645060333,Roma,Piazza Geremia Bonomelli
1645060334,Roma,Piazza Geremia Bonomelli
1645060335,Roma,Piazza Geremia Bonomelli
1646269932,Roma,Piazza Giovanni da Triora
1646863644,Roma,Via Montecassiano
1646863645,Roma,Via Montecassiano
1646863646,Roma,Via Montecassiano
1646863647,Roma,Via Montecassiano
1646863648,Roma,Via Montecassiano
1646863649,Roma,Via Pollenza
1646863650,Roma,Via Pollenza
1646863651,Roma,Via Pollenza
1646863652,Roma,Via Montemonaco
1647029331,Roma,Via Del Casale Di San Basilio
1647089759,Roma,Via Montecassiano
1647089769,Roma,Via Montecassiano
1647089806,Roma,Via Montecassiano
1647089817,Roma,Via Montecassiano
1647089828,Roma,Via Montecassiano
1647089849,Roma,Via Montecassiano
1647089858,Roma,Via Montecassiano
1647089877,Roma,Via Montecassiano
1647089882,Roma,Via Montecassiano
1647089889,Roma,Via Montecassiano
1647089911,Roma,Via Montecassiano
1647089913,Roma,Via Montecassiano
1647089945,Roma,Via Montecassiano
1647089946,Roma,Via Montecassiano
1647089947,Roma,Via Montecassiano
1647089975,Roma,Via Montecassiano
1647089980,Roma,Via Montecassiano
1647089981,Roma,Via Montecassiano
1647090009,Roma,Via Montecassiano
1647090013,Roma,Via Montecassiano
1647090014,Roma,Via Montecassiano
1647090041,Roma,Via Montecassiano
1647090046,Roma,Via Montecassiano
1647090053,Roma,Via Montecassiano
1647090074,Roma,Via Montecassiano
1647090083,Roma,Via Montecassiano
1647090105,Roma,Via Montecassiano
1647090111,Roma,Via Montecassiano
1647090122,Roma,Via Montecassiano
1647090147,Roma,Via Montecassiano
1647090156,Roma,Via Montecassiano
1647300974,Roma,Via Appia Nuova
1647318162,Roma,Via dell'Almone
1647318163,Roma,Via Appia Nuova
1647318175,Roma,Via Appia Nuova
1647318176,Roma,Via Appia Nuova
1647318177,Roma,Via Appia Nuova
1647318179,Roma,Via Appia Nuova
1647349150,Roma,Via Appia Nuova
1647349165,Roma,Viale Appio Claudio
1647349177,Roma,Viale Appio Claudio
1647349183,Roma,Viale Appio Claudio
1647349207,Roma,Via Appia Nuova
1647349212,Roma,Via Appia Nuova
1647349216,Roma,Via Appia Nuova
1647349220,Roma,Via Appia Nuova
1647349250,Roma,Via Appia Nuova
1647349255,Roma,Via Appia Nuova
1647349258,Roma,Via Appia Nuova
1647349276,Roma,Via Appia Nuova
1647922590,Roma,Via Nomentana
1647969134,Roma,Via Ardeatina
1647975061,Roma,Via Ardeatina
1647975062,Roma,Via Ardeatina
1647975063,Roma,Via Ardeatina
1647975064,Roma,Via delle Sette Chiese
1647975065,Roma,Via delle Sette Chiese
1647975066,Roma,Via Ardeatina
1647975067,Roma,Via Ardeatina
1647975068,Roma,Via Ardeatina
1648719159,Roma,Via Montecassiano
1648719172,Roma,Via Pollenza
1648719181,Roma,Via Pollenza
1648719185,Roma,Via Pollenza
1648719188,Roma,Via Pollenza
1648719201,Roma,Via Pollenza
1648719209,Roma,Via Pollenza
1649644072,Roma,Borgo Pio
1649662959,Roma,Via Portico d'Ottavia
1649682759,Roma,Piazza San Calisto
1651533371,Roma,Via del Santuario Regina degli Apostoli
1651533387,Roma,Via del Santuario Regina degli Apostoli
1651533394,Roma,Via del Santuario Regina degli Apostoli
1657962372,Roma,Via dei Fulvi
1658506774,Roma,Via Fossombrone
1658506780,Roma,Via Del Casale Di San Basilio
1658506786,Roma,Via Fossombrone
1658506787,Roma,Via Fossombrone
1658506790,Roma,Via Del Casale Di San Basilio
1660355498,Roma,Via del Pigneto
1660369493,Roma,Via San Martino della Battaglia
1660404822,Roma,Via Clementina
1660412593,Roma,Via Cavour
1661012858,Roma,Via Fossombrone
1661012864,Roma,Via Fossombrone
1661012891,Roma,Via Fossombrone
1661012895,Roma,Via Fossombrone
1661012918,Roma,Via Fossombrone
1661012922,Roma,Via Fossombrone
1661012926,Roma,Via Fossombrone
1661012950,Roma,Via Fossombrone
1661012957,Roma,Via Fossombrone
1661012958,Roma,Via Fossombrone
1661012980,Roma,Via Fossombrone
1661012988,Roma,Via Fossombrone
1661012994,Roma,Via Fossombrone
1661013010,Roma,Via Fossombrone
1661013015,Roma,Via Fossombrone
1661013028,Roma,Via Fossombrone
1661013035,Roma,Via Fossombrone
1661013043,Roma,Via Fossombrone
1661013057,Roma,Via Fossombrone
1661013065,Roma,Via Fossombrone
1661013073,Roma,Via Fossombrone
1667564187,Roma,Via Livio Andronico
1668469036,Roma,Piazza di Sant'Eustachio
1668469052,Roma,Piazza di Sant'Eustachio
1671670447,Roma,Largo Maria Domenica Fumasoni Biondi
1672769050,Roma,Via Campania
1672769061,Roma,Via Sicilia
1673325571,Roma,Circonvallazione Cornelia
1684518618,Roma,Via Fusignano
1684553299,Roma,Via Marzabotto
1685856693,Roma,Via Minerbio
1686009456,Roma,Via di Ponte Sisto
1686551772,Roma,Via Casal Tidei
1686551776,Roma,Via Casal Tidei
1686551778,Roma,Via Casal Tidei
1686551783,Roma,Via Casal Tidei
1686551789,Roma,Via Casal Tidei
1686551790,Roma,Via Casal Tidei
1686551791,Roma,Via Casal Tidei
1693169534,Roma,Via Casalecchio di Reno
1693217900,Roma,Via Cristoforo Colombo
1693226928,Roma,Piazza di Sant'Eustachio
1693226929,Roma,Piazza di Sant'Eustachio
1693226940,Roma,Piazza di Sant'Eustachio
1694755654,Roma,Via Marzabotto
1694755662,Roma,Via Marzabotto
1694755678,Roma,Via del Risaro
1694755684,Roma,Via del Risaro
1694761176,Roma,Largo Castel Bolognese
1694774031,Roma,Via del Risaro
1695255321,Roma,Via dei Barbieri
1695279656,Roma,Via del Teatro Valle
1696581871,Roma,Via della Conciliazione
1696718213,Roma,Piazza di Sant'Eustachio
1697500269,Roma,Vicolo Della Fontana
1701305279,Roma,Via Ardeatina
1702468818,Roma,Via Appia Antica
1702468825,Roma,Via Appia Antica
1702468835,Roma,Via Appia Antica
1702468847,Roma,Via Appia Antica
1702517771,Roma,Via Appia Antica
1702517772,Roma,Via Appia Antica
1702517777,Roma,Via Appia Antica
1702517778,Roma,Via Appia Antica
1702517779,Roma,Via Appia Antica
1702517887,Roma,Via Appia Antica
1702557520,Roma,Via Appia Antica
1702557522,Roma,Via Appia Antica
1702557523,Roma,Via Appia Antica
1702557525,Roma,Via Appia Antica
1702557530,Roma,Via Appia Antica
1702557534,Roma,Via Appia Antica
1702557541,Roma,Via Appia Antica
1702557543,Roma,Via Appia Antica
1702557545,Roma,Via Appia Antica
1702599606,Roma,Via Appia Antica
1702599615,Roma,Via Appia Antica
1702599625,Roma,Via Appia Antica
1702599631,Roma,Via Appia Antica
1702599639,Roma,Via Appia Antica
1702599656,Roma,Via Appia Antica
1702671998,Roma,Via Appia Antica
1702672003,Roma,Via Appia Antica
1702672005,Roma,Via Appia Antica
1702672009,Roma,Via Appia Antica
1702672018,Roma,Via Appia Antica
1702672022,Roma,Via Appia Antica
1702672028,Roma,Via Appia Antica
1702680920,Roma,Via Appia Antica
1702680921,Roma,Via Appia Antica
1702758604,Roma,Via Appia Antica
1702758610,Roma,Via Appia Antica
1702758614,Roma,Via Appia Antica
1702758620,Roma,Via Appia Antica
1702758624,Roma,Via Appia Antica
1702758634,Roma,Via Appia Antica
1702758637,Roma,Via Appia Antica
1703090009,Roma,Via della Minerva
1703104111,Roma,Vicolo Rosini
1705532032,Roma,Piazza Bartolomeo Romano
1710679140,Roma,Via Ostiense
1713309585,Roma,Via Mattia Battistini
1713448019,Roma,Circonvallazione Ostiense
1715979029,Roma,Via Guglielmo Massaia
1719296536,Roma,Largo di Torre Argentina
1721632484,Roma,Via Augusto Dulceri
1721632488,Roma,Via Augusto Dulceri
1721632492,Roma,Via Augusto Dulceri
1721632497,Roma,Via Augusto Dulceri
1721846518,Roma,Viale del Pinturicchio
1722151894,Roma,Via Cola di Rienzo
1723940961,Roma,Via Vespasiano
1725186991,Roma,Via Antonio Provolo
1725187000,Roma,Via Antonio Provolo
1725187002,Roma,Via Antonio Provolo
1725187003,Roma,Via Antonio Provolo
1725187004,Roma,Via Antonio Provolo
1725187005,Roma,Via Antonio Provolo
1725187006,Roma,Via Antonio Provolo
1725187007,Roma,Via Antonio Provolo
1725187019,Roma,Via Antonio Provolo
1731734008,Roma,Via Montebello
1738903495,Roma,Via Del Casale Di San Basilio
1740134956,Frascati,Via Raffaele Cadorna
1744427395,Roma,Via dei Fienaroli
1744427396,Roma,Via dei Fienaroli
1747005268,Roma,Via delle Sette Chiese
1748094775,Roma,Via Del Casale Di San Basilio
1748094776,Roma,Via Del Casale Di San Basilio
1748094777,Roma,Via Del Casale Di San Basilio
1750844646,Roma,Viale Manzoni
1752845232,Roma,Via del Portico d'Ottavia
1752845234,Roma,Via Portico d'Ottavia
1754895753,Roma,Via delle Fornaci
1762091816,Roma,Viale Guglielmo Marconi
1762091817,Roma,Viale Guglielmo Marconi
1767921661,Roma,Via Emanuele Filiberto
1768171130,Roma,Via Orazio Antinori
1768566428,Roma,Corso Vittorio Emanuele II
1769167641,Roma,Via Casal Tidei
1769309416,Ciampino,Via Appia Nuova
1769579773,Roma,Viale Avignone
1769581429,Roma,Viale Avignone
1769581465,Roma,Viale Avignone
1772537149,Roma,Via Ostiense
1772586232,Roma,Piazza di San Cosimato
1774750372,Frascati,Via Armando Diaz
1786103877,Roma,Via Marmorata
1786103887,Roma,Via Galvani
1786192229,Roma,Via Martignano
1790313670,Roma,Via Tuscolana
1805254344,Roma,Via Appia Pignatelli
1808945304,Roma,Via delle Sette Chiese
1823475241,Roma,Via Cartagine
1824011082,Roma,Via degli Opimiani
1824063991,Roma,Circonvallazione Cornelia
1824076020,Roma,Circonvallazione Trionfale
1825168887,Roma,Piazza di San Silvestro
1825177893,Roma,Piazza di San Silvestro
1825798700,Roma,Via degli Opimiani
1827273021,Roma,Via degli Opimiani
1827273022,Roma,Via degli Opimiani
1827273023,Roma,Via degli Opimiani
1827273025,Roma,Via degli Opimiani
1827273029,Roma,Via degli Opimiani
1827273043,Roma,Via degli Opimiani
1827273045,Roma,Via degli Opimiani
1827274158,Roma,Via degli Opimiani
1827274159,Roma,Via degli Opimiani
1831904268,Roma,Via degli Opimiani
1831904273,Roma,Via degli Opimiani
1832848888,Roma,Via dei Polacchi
1832848889,Roma,Via dei Polacchi
1832969900,Roma,Via del Portico d'Ottavia
1832969901,Roma,Via del Portico d'Ottavia
1833800615,Roma,Via dei Fienaroli
1833917665,Roma,Via dei Vascellari
1834273072,Castel Gandolfo,Via Massimo D'Azeglio
1834319579,Castel Gandolfo,Via Saponara
1835178926,Rome,Via di Tor Vergata
1839187630,Roma,Piazza Irnerio
1850269361,Roma,Via Pollenza
1850271279,Roma,Via Pollenza
1850272133,Roma,Via Pollenza
1850273370,Roma,Via Pollenza
1852093145,Roma,Via Sarnano
1852095156,Roma,Via Sarnano
1852096873,Roma,Via Sarnano
1852099307,Roma,Via Sarnano
1852101404,Roma,Via Sarnano
1868592228,Anguillara Sabazia,Corso Umberto I
1868680874,Anguillara Sabazia,Via Monte Calvario
1871781591,Roma,Via Abruzzi
1878027445,Roma,Viale America
1878028391,Roma,Viale America
1878029490,Roma,Viale America
1878030864,Roma,Viale America
1878031886,Roma,Viale America
1878032314,Roma,Viale America
1878560891,Roma,Piazza Umberto Elia Terracini
1879578512,Frascati,Largo Pentini
1882896184,Frascati,Via Sciadonna
1909843298,Roma,Via Bartolo da Sassoferrato
1915625794,Roma,Via Alessandro De Stefani
1915626850,Roma,Via Alessandro de Stefani
1916357886,Roma,Via Diego Fabbri
1917232843,Roma,Via Peralba
1920404978,Roma,Piazza della Rotonda
1921668981,Roma,Piazza Giovanni da Lucca
1922056949,Roma,Via ratto delle sabine
1922061639,Roma,Via ratto delle sabine
1922075366,Roma,Via ratto delle sabine
1923911404,Roma,Via Cavour
1923912448,Roma,Via Cavour
1925487774,Roma,Via ratto delle sabine
1929123788,Roma,Via Giovanni Giolitti
1931825410,Frascati,Cernaia
1935725634,Roma,Piazza Vittorio Emanuele
1935739764,Roma,Via Carlo Alberto
1938346422,Roma,Piazza di Ponte Umberto I
1949596821,Roma,Via Rosa Raimondi Garibaldi
1949638080,Roma,Via Galeazzo Alessi
1952358265,Roma,Via Tiburtina
1953774552,Roma,Via Del Casale Di San Basilio
1953774559,Roma,Via Del Casale Di San Basilio
1959267813,Roma,Via Catone
1965040132,Roma,Piazza Navona
1974420863,Frascati,Via G. Buttarelli
1974420882,Frascati,Via Ottaviani
1979465981,Roma,Via Marsala
1983523038,Roma,Via Macerata
1983622753,Roma,Piazza Giuseppe Mazzini
1983970911,Roma,Viale dei Campioni
1983971143,Roma,Via Thailandia
1983974347,Roma,Via Thailandia
1983974719,Roma,Via Thailandia
1986971302,Roma,Via Tuscolana
1997317558,Roma,Foro Traiano
2002702292,Rome,Via Raffaele De Cesare
2006354807,Roma,Via Pollenza
2006354810,Roma,Via Pollenza
2006354815,Roma,Via Pollenza
2006354819,Roma,Via Pollenza
2006354824,Roma,Via Pollenza
2006354827,Roma,Via Pollenza
2006354828,Roma,Via Pollenza
2006354829,Roma,Via Pollenza
2006354831,Roma,Via Pollenza
2006354833,Roma,Via Pollenza
2006354836,Roma,Via Pollenza
2006354838,Roma,Via Pollenza
2006354839,Roma,Via Pollenza
2006354840,Roma,Via Pollenza
2006354841,Roma,Via Pollenza
2006354842,Roma,Via Pollenza
2006354843,Roma,Via Pollenza
2006354844,Roma,Via Pollenza
2006354845,Roma,Via Pollenza
2006354846,Roma,Via Pollenza
2006354847,Roma,Via Pollenza
2006354848,Roma,Via Pollenza
2006354849,Roma,Via Pollenza
2006354850,Roma,Via Pollenza
2006354851,Roma,Via Pollenza
2006354852,Roma,Via Pollenza
2006354853,Roma,Via Pollenza
2006354854,Roma,Via Pollenza
2006354855,Roma,Via Pollenza
2006354856,Roma,Via Pollenza
2006354857,Roma,Via Pollenza
2006354858,Roma,Via Pollenza
2006354859,Roma,Via Pollenza
2006354860,Roma,Via Pollenza
2006354861,Roma,Via Pollenza
2006354862,Roma,Via Pollenza
2006354863,Roma,Via Pollenza
2006354864,Roma,Via Pollenza
2006354865,Roma,Via Pollenza
2006354866,Roma,Via Pollenza
2006354867,Roma,Via Pollenza
2028092451,Roma,Via Bartolo da Sassoferrato
2030259334,Roma,Via Corinaldo
2032052749,Roma,Via Jesi
2032054266,Roma,Via Jesi
2034635418,Roma,Via Angelo Emo
2036309626,Roma,Viale delle Medaglie d'Oro
2042621763,Roma,Via Macinghi Strozzi
2064641693,Roma,Via Filippo Nicolai
2075991886,Roma,Via Montecassiano
2079875493,Roma,Via Tiburtina
2079882933,Roma,Via Tiburtina
2086176752,Roma,Via Tiburtina
2086185483,Roma,Via Montecassiano
2086185484,Roma,Via Montecassiano
2098756750,Roma,Piazza della Minerva
2103532129,Roma,Via Tino Buazzelli
2103532130,Roma,Via Tino Buazzelli
2105394782,Roma,Via Giuseppe Zanardelli
2106837197,Roma,Via Giuseppe Sacconi
2120086754,Roma,Via del Colosseo
2120584189,Roma,Piazza Mignanelli
2124626787,Albano Laziale,Piazza Luigi Sabatini
2127968140,Roma,Via De' Santi Quattro
2128228954,Frascati,Via Cesare Minardi
2128828563,Roma,Via Druso
2128867653,Roma,Via Druso
2128867654,Roma,Via Druso
2128990512,Roma,Via dei Volsci
2128992183,Roma,Piazza dei Sanniti
2128992281,Roma,Piazza dei Sanniti
2128995728,Roma,Via dei Volsci
2129001130,Roma,Via degli Etruschi
2129384469,Roma,Via Marmorata
2129396497,Roma,Via Alessandro Volta
2130274048,Roma,Via Alessandro Volta
2136314816,Roma,Via Vittorio Emanuele Orlando
2138690426,Roma,Via dei Fienaroli
2138691946,Roma,Via della Cisterna
2138694561,Roma,Via di San Cosimato
2138727696,Roma,Via dei Genovesi
2138746280,Roma,Vicolo del Cinque
2138753806,Roma,Vicolo del Cinque
2138756992,Roma,Vicolo del Bologna
2139856937,Roma,Via Torino
2139860370,Roma,Via Torino
2139917814,Roma,Via Firenze
2139917819,Roma,Via Firenze
2139921756,Roma,Piazza di Spagna
2139923602,Roma,Via delle Muratte
2141264316,Roma,Via Aurelia
2141264317,Roma,Via Aurelia
2141264318,Roma,Via Aurelia
2141674123,Roma,Via della Lungara
2141710127,Roma,Via della Lungara
2141710128,Roma,Via della Lungara
2142965853,Roma,Via Tiburtina
2143271851,Roma,Via Stanislao Cannizzaro
2143271861,Roma,Via Tiburtina
2143271901,Roma,Via Tiburtina
2144627655,Roma,Piazza di Sant'Apollinare
2144627661,Roma,Piazza di Sant'Apollinare
2145609242,Roma,Via Enna
2145907715,Roma,Via Temistocle Calzecchi Onesti
2147139347,Roma,Largo Magna Grecia
2147588975,Roma,Via della Scala
2147596129,Roma,Vicolo della Scala
2147596131,Roma,Piazza della Scala
2147946539,Roma,Vicolo del Cinque
2148972457,Roma,Via Giuseppe Garibaldi
2149029061,Roma,Piazzale Aurelio
2151224588,Roma,Via Santa Chiara
2156483531,Roma,Via Iglesias
2156864533,Roma,Via dei Corneli
2161124359,Roma,Via Guicciardini
2161146588,Roma,Via Ferruccio
2162469364,Roma,Via Tomacelli
2167576511,Roma,Via Anastasio II
2168950368,Roma,Via Sebastiano Veniero
2171768722,Roma,Via della Pisana
2189553260,Roma,Via di San Romano
2192567046,Roma,Via di Donna Olimpia
2194629646,Velletri,Via Appia Sud
2198906100,Roma,Viale della Bella Villa
2214646455,Roma,Via Nomentana
2226915915,Roma,Piazza di Porta Metronia
2229537670,Roma,Via Bevagna
2235494532,Città del Vaticano,Via della Posta
2246269228,Roma,Via Attilio Regolo
2266083036,Roma,Via del Teatro Pace
2267113047,Roma,Piazza della Cancelleria
2267113048,Roma,Via di Monserrato
2267121923,Roma,Via dei Giubbonari
2267121924,Roma,Via dei Chiavari
2267127838,Roma,Via dei Chiavari
2267137974,Roma,Via degli Specchi
2270578874,Roma,Via Carlo Linneo
2270578881,Roma,Via Carlo Linneo
2270578885,Roma,Via Carlo Linneo
2273939352,Roma,Via di Ripetta
2273939354,Roma,Via di Ripetta
2273945414,Roma,Via di Ripetta
2273950506,Roma,Via Borgognona
2273951353,Roma,Via Borgognona
2273959484,Roma,Via della Vite
2273959490,Roma,Via Frattina
2273966987,Roma,Via Francesco Crispi
2273967830,Roma,Via di San Basilio
2273973904,Roma,Via Aureliana
2273978809,Roma,Vicolo Scavolino
2273987475,Roma,Via delle Muratte
2273997542,Roma,Via di San Marcello
2274114344,Roma,Piazza di Pasquino
2274115573,Roma,Piazza del Fico
2274125995,Roma,Via Agonale
2274125996,Roma,Via della Maddalena
2274383598,Roma,Vicolo dei Soldati
2274384718,Roma,Via dei Giubbonari
2274386799,Roma,Vicolo de' Chiodaroli
2274388003,Roma,Vicolo del Giglio
2274401568,Roma,Via dei Banchi Vecchi
2274403482,Roma,Via Silla
2274804573,Roma,Via Ostiense
2274819351,Roma,Via della Croce
2274883508,Roma,Piazza delle Coppelle
2274912019,Roma,Via dei Coronari
2274912020,Roma,Via della Croce
2274917284,Roma,Vicolo delle Vacche
2274920322,Roma,Via dei Serpenti
2275922535,Roma,Largo Alessandro Toja
2276044251,Roma,Via dei Prefetti
2276044258,Roma,Via del Vantaggio
2276143197,Roma,Salita de' Crescenzi
2276152594,Roma,Via Augusto Valenziani
2276163507,Roma,Via Crescenzio
2276170274,Roma,Via Satrico
2276187118,Roma,Via Sicilia
2296858429,Roma,Piazza di San Lorenzo in Lucina
2296913458,Roma,Piazza di Tor Sanguigna
2300154298,Frascati,Via dei Coccei
2300154299,Frascati,Vicolo di Spinetta
2304262747,Albano Laziale,Borgo Garibaldi
2304262949,Roma,Viale Regina Margherita
2304263017,Tivoli,Via Lago Di Albano
2311459630,Ardea,Via Degli Scavi
2311459959,Pomezia,Piazza Indipendenza
2311460240,Roma,Via Della Bufalotta
2311460262,Fiumicino,Via Trincea Delle Frasche
2311460311,Velletri,Via Di Ponente
2311460356,San Cesareo,Via Casilina
2311460379,Aprilia,Via Marconi
2311460440,Roma,Via Isole Figi
2311460479,Guidonia Montecelio,Via Giacomo Leopardi
2311460502,Roma,Via Pian Due Torri
2311460526,Frascati,Via  Castello
2311460546,Tivoli,Via Empolitana
2311460565,Marino,Via P.maroncelli
2311460690,Velletri,Viale B. Buozzi
2311460792,Fiumicino,Via Del Faro
2311468487,Airola,Via Dei Fiori
2317211545,Roma,Viale di Tor di quinto
2321099905,Frascati,Via Gregoriana
2321099906,Frascati,Via di Colonna
2321120186,Frascati,Via Matthaus Greuter
2321159262,Frascati,Via Enrico De Nicola
2324539786,Roma,Viale delle Medaglie d'Oro
2327051410,Roma,Rampa Mignanelli
2327736649,Roma,Viale Giulio Cesare
2328181469,Roma,Via della Nocetta
2328181470,Roma,Via della Nocetta
2336993852,Roma,Via Andrea Verga
2346370957,Frascati,Largo Pentini
2346587209,Frascati,Piazza del Mercato
2347328777,Frascati,Piazza Giuseppe Mazzini
2347349798,Frascati,Largo Pentini
2347385535,Frascati,Piazza San Pietro
2347386938,Frascati,Via Cairoli
2347406549,Frascati,Piazza Monte Grappa
2347424791,Frascati,Viale Vittorio Veneto
2348124420,Frascati,Via Armando Diaz
2349304768,Roma,Via Francesco Caracciolo
2349316392,Roma,Via Livio Andronico
2350002842,Roma,Via Tiburtina
2350920174,Roma,via del Corso
2353398507,Roma,Piazza Giovenale
2353415417,Roma,Viale delle Medaglie d'Oro
2371347125,Roma,Via Seneca
2371354540,Roma,Via Luigi Rizzo
2373132879,Roma,Vicolo del Bottino
2384198070,Roma,Viale delle Medaglie d'Oro
2384202625,Roma,Via Leone IV
2400338846,Roma,Piazza Giovenale
2402864511,Passo Oscuro,Via Sanluri
2402864514,Passo Oscuro,Via Sanluri
2406805461,Roma,via Orvieto
2406805462,Roma,via Orvieto
2411074971,Roma,Via della Lungaretta
2415288415,Roma,Via Leone IV
2415288469,Roma,Via Tolemaide
2420687577,Roma,Via del Corso
2423111780,Roma,Via Appia Antica
2441875474,Fiumicino,Via della Muratella
2443442622,Frascati,Piazza Monte Grappa
2451936352,Fiumicino,Via della Pesca
2451942483,Fiumicino,Via della Torre Clementina
2458501932,Roma,Piazza della Marina
2485591072,Roma,Via Giovanni Paolo Pannini
2489042525,Roma,Via Massimiliano Massimo
2489047822,Roma,Via Giorgio Perlasca
2489050809,Fiumicino,Via Portuense
2509259493,Roma,Vi di Gesú e Maria
2509330723,Roma,via Assisi
2515010849,Roma,via Panisperna
2522591120,Roma,Via Laurina
2522621010,Roma,Via di Sant Andrea delle Fratte
2523761772,Roma,Via Francesco Caracciolo
2529198391,Roma,Via Giuseppe Manno
2536135651,Roma,Via Madonna di Campiglio
2536135652,Roma,Via Pietro Paolo Rubens
2536135653,Roma,Borgo Pio
2536135654,Roma,Via dell'Erbe
2577059941,Roma,Via delle Sette Chiese
2584246819,Roma,Via Gaeta
2584246820,Roma,Via Volturno
